dataset,narrativeqa,qasper,multifieldqa_en,hotpotqa,2wikimqa,musique,gov_report,qmsum,multi_news,trec,triviaqa,samsum,passage_count,passage_retrieval_en,lcc,repobench-p
FullKV,26.9,-1,-1,39.45,27.41,-1,32.94,24.27,27.15,-1,86.23,-1,-1,86.98,57.22,54.14
random,-1,-1,-1,-1,-1,-1,-1,-1,-1,-1,-1,-1,-1,-1,-1,-1
SnapKV,-1,-1,-1,-1,-1,-1,-1,-1,-1,-1,-1,-1,-1,-1,-1,-1
StreamingLLM,-1,-1,-1,-1,-1,-1,-1,-1,-1,-1,-1,-1,-1,-1,-1,-1
H2O,-1,-1,-1,-1,-1,-1,-1,-1,-1,-1,-1,-1,-1,-1,-1,-1
PyramidKV,-1,-1,-1,-1,-1,-1,-1,-1,-1,-1,-1,-1,-1,-1,-1,-1
CAM,-1,-1,-1,-1,-1,-1,-1,-1,-1,-1,-1,-1,-1,-1,-1,-1
L2Norm,-1,-1,-1,-1,-1,-1,-1,-1,-1,-1,-1,-1,-1,-1,-1,-1
ThinK,-1,-1,-1,-1,-1,-1,-1,-1,-1,-1,-1,-1,-1,-1,-1,-1
